question,answer
What is a normal menstrual cycle length?,A normal menstrual cycle typically lasts between 21 to 35 days, with the average being around 28 days. Cycle length can vary from person to person and even month to month for the same individual.
How long does a period usually last?,Most periods last between 3 to 7 days, with the average being around 5 days. The flow is usually heavier in the first few days and then tapers off.
What causes period cramps?,Period cramps (dysmenorrhea) are caused by uterine contractions triggered by prostaglandins. These contractions help shed the uterine lining, but can cause pain and discomfort.
How can I relieve period pain?,You can try: applying heat (heating pad or warm bath), gentle exercise or stretching, over-the-counter pain relievers (as directed), relaxation techniques, and maintaining a healthy diet with adequate hydration.
What is ovulation?,Ovulation is when a mature egg is released from the ovary, typically occurring around day 14 of a 28-day cycle. This is the most fertile time in your cycle.
When am I most fertile?,The fertile window is usually 5-6 days before ovulation and including ovulation day. Sperm can survive for up to 5 days, so conception can occur from intercourse during this window.
What are PMS symptoms?,PMS (Premenstrual Syndrome) symptoms can include mood changes, bloating, breast tenderness, fatigue, food cravings, irritability, and sleep problems. These typically occur 1-2 weeks before your period.
How can I track my cycle?,You can track your cycle by: marking the first day of your period on a calendar, using period tracking apps, monitoring basal body temperature, observing cervical mucus changes, and noting physical and emotional symptoms.
What is irregular menstruation?,Irregular menstruation means cycles that vary significantly in length (less than 21 days or more than 35 days), or periods that are very heavy, very light, or absent. Occasional variation is normal, but consistent irregularity should be discussed with a healthcare provider.
Can stress affect my period?,Yes, stress can affect your menstrual cycle. High stress levels can cause delayed periods, missed periods, or changes in flow. Managing stress through relaxation techniques, exercise, and adequate sleep can help regulate your cycle.
What foods help with period symptoms?,Foods that may help include: iron-rich foods (leafy greens, lean meats), magnesium-rich foods (nuts, seeds, dark chocolate), omega-3 fatty acids (fish, flaxseeds), complex carbohydrates, and staying hydrated with plenty of water.
Is it normal to have mood swings during my period?,Yes, mood swings are common due to hormonal fluctuations. Many people experience irritability, sadness, or anxiety before and during their period. This is often part of PMS or PMDD (Premenstrual Dysphoric Disorder).
What is the difference between PMS and PMDD?,PMS includes mild to moderate physical and emotional symptoms before menstruation. PMDD is a more severe form with intense mood symptoms that significantly interfere with daily life and relationships.
How much blood loss is normal during a period?,Normal blood loss during a period is typically 30-80 milliliters (about 2-6 tablespoons) over the entire period. If you're soaking through a pad or tampon every hour for several hours, consult a healthcare provider.
Can exercise help with period symptoms?,Yes, regular exercise can help reduce period cramps, improve mood, boost energy levels, and help regulate your cycle. Gentle activities like walking, yoga, or swimming are often most comfortable during your period.
What causes heavy periods?,Heavy periods (menorrhagia) can be caused by hormonal imbalances, uterine fibroids, polyps, certain medications, or medical conditions. If heavy bleeding affects your daily life, consult a healthcare provider.
What should I do if I miss a period?,If you miss a period and could be pregnant, take a pregnancy test. Other reasons include stress, significant weight changes, excessive exercise, hormonal imbalances, or medical conditions. If you miss multiple periods, consult a healthcare provider.
Is it safe to have sex during my period?,Yes, it's generally safe to have sex during your period. Some people find it helps with cramps, and the risk of pregnancy is lower (though not zero). Use protection if you want to prevent pregnancy or STIs.
What are period clots and are they normal?,Period clots are clumps of blood and tissue that are normal, especially during heavier flow days. Small clots (smaller than a quarter) are usually normal. Large or frequent clots may indicate a medical issue.
How can I manage bloating during my period?,To reduce bloating: stay hydrated, reduce salt intake, eat smaller meals more frequently, avoid carbonated drinks, engage in light exercise, and consider foods with natural diuretic properties like cucumber and watermelon.
What is perimenopause?,Perimenopause is the transition period before menopause, typically starting in your 40s. It can cause irregular periods, hot flashes, mood changes, and other symptoms as hormone levels fluctuate.
Can birth control affect my period?,Yes, hormonal birth control can affect your period. It may make periods lighter, shorter, more regular, or stop them entirely depending on the type. Non-hormonal IUDs may make periods heavier initially.
What is amenorrhea?,Amenorrhea is the absence of menstrual periods. Primary amenorrhea is when periods never start (by age 16), and secondary amenorrhea is when periods stop for 3+ months in someone who previously had them.
How do I know if my period is too heavy?,Signs of heavy periods include: soaking through a pad/tampon every 1-2 hours, needing to change protection during the night, passing large clots, periods lasting more than 7 days, or symptoms of anemia (fatigue, dizziness).
What causes spotting between periods?,Spotting can be caused by hormonal fluctuations, ovulation, birth control changes, stress, uterine polyps or fibroids, or infections. Occasional spotting is often normal, but frequent spotting should be evaluated.
Can I get pregnant during my period?,While less likely, pregnancy during your period is possible, especially if you have shorter cycles or longer periods. Sperm can survive for up to 5 days, so if you ovulate early, conception could occur.
What is endometriosis?,Endometriosis is a condition where tissue similar to the uterine lining grows outside the uterus, causing pain, heavy periods, and sometimes fertility issues. It requires medical diagnosis and treatment.
How does age affect menstrual cycles?,Cycles are often irregular in the first few years after menarche (first period) and again during perimenopause. In between, cycles tend to be more regular, though they can still vary.
What should I do for severe period pain?,If period pain is severe, interferes with daily activities, or doesn't respond to over-the-counter pain relievers, consult a healthcare provider. Severe pain could indicate conditions like endometriosis or fibroids.
Can diet affect my menstrual cycle?,Yes, diet can significantly affect your cycle. Extreme dieting, eating disorders, or nutritional deficiencies can cause irregular or missed periods. A balanced diet supports regular cycles.
What is PCOS?,PCOS (Polycystic Ovary Syndrome) is a hormonal disorder that can cause irregular periods, excess androgen levels, and ovarian cysts. It requires medical diagnosis and may affect fertility.
How can I naturally regulate my period?,Ways to help regulate your period include: maintaining a healthy weight, managing stress, getting regular exercise, eating a balanced diet, getting adequate sleep, and avoiding extreme dieting or excessive exercise.
What causes period delays?,Period delays can be caused by: pregnancy, stress, significant weight changes, excessive exercise, hormonal imbalances, thyroid issues, polycystic ovary syndrome (PCOS), or certain medications.



